group_key,group,sample_count,overlap_proxy_mean_mean,overlap_proxy_mean_std,overlap_proxy_max_mean,overlap_proxy_max_std,overlap_proxy_std_mean,overlap_proxy_std_std,uncertainty_proxy_mean_mean,uncertainty_proxy_mean_std,uncertainty_proxy_max_mean,uncertainty_proxy_max_std,uncertainty_proxy_std_mean,uncertainty_proxy_std_std,overlap_uncertainty_product_mean,overlap_uncertainty_product_std
intended_family,clean_turn_taking,27,0.398348,0.024784,0.99971,0.001481,0.248118,0.01863,0.388487,0.042014,0.98504,0.017733,0.253348,0.012292,0.157809,0.019544
intended_family,cleaned_win_anchor,15,0.617787,0.042213,0.997647,0.003449,0.274168,0.020867,0.366217,0.042993,0.983007,0.025841,0.24448,0.01989,0.177555,0.025998
intended_family,mixed_win_anchor,15,0.375451,0.036051,0.998954,0.002249,0.241917,0.01306,0.379331,0.045692,0.986667,0.014233,0.24839,0.013147,0.142106,0.017988
intended_family,review_needed_anchor,15,0.606854,0.040792,0.980131,0.017623,0.196262,0.015692,0.494044,0.021401,0.943007,0.044595,0.178306,0.023338,0.288661,0.021826
intended_family,separated_win_anchor,15,0.707696,0.029831,0.985359,0.014566,0.220739,0.01705,0.460484,0.022834,0.96915,0.022362,0.192578,0.022604,0.302137,0.026425
intended_family,short_backchannel,13,0.389725,0.041395,1.0,0.0,0.249217,0.022114,0.375311,0.040883,0.987029,0.016665,0.257491,0.012952,0.14885,0.019157
oracle_route,mixed,41,0.483529,0.123669,0.992252,0.014166,0.228545,0.030891,0.421073,0.065332,0.972836,0.036964,0.223528,0.038672,0.200862,0.070359
oracle_route,separated,59,0.518881,0.140241,0.995613,0.009716,0.246864,0.026135,0.40009,0.054069,0.979129,0.022071,0.236939,0.031515,0.196906,0.066183
