{
  "weights": [
    [
      0.3622726500034332,
      -0.3905615210533142,
      0.028288906440138817
    ],
    [
      -0.544315755367279,
      0.4268093407154083,
      0.1175064891576767
    ],
    [
      -0.544315755367279,
      0.4268093407154083,
      0.1175064891576767
    ],
    [
      0.08509335666894913,
      -0.07809250056743622,
      -0.007000850047916174
    ],
    [
      -0.08509337902069092,
      0.07809257507324219,
      0.007000809069722891
    ],
    [
      0.3539007008075714,
      -0.4294804036617279,
      0.07557977735996246
    ],
    [
      0.5443156957626343,
      -0.4268094003200531,
      -0.1175064966082573
    ]
  ],
  "bias": [
    -0.5095726251602173,
    1.6179041862487793,
    -1.1083316802978516
  ],
  "mean": [
    0.33076921105384827,
    0.197875514626503,
    0.197875514626503,
    0.19230769574642181,
    0.807692289352417,
    0.0029585768934339285,
    -0.197875514626503
  ],
  "std": [
    0.2507975399494171,
    0.20931924879550934,
    0.20931924879550934,
    0.3941134810447693,
    0.3941134810447693,
    0.014792882837355137,
    0.20931924879550934
  ],
  "labels": [
    "mixed",
    "separated",
    "cleaned"
  ]
}