{
  "weights": [
    [
      -0.22317536175251007,
      0.22985264658927917,
      -0.006677404046058655
    ],
    [
      -0.6483358144760132,
      0.6601394414901733,
      -0.011803819797933102
    ],
    [
      -0.6483358144760132,
      0.6601394414901733,
      -0.011803819797933102
    ],
    [
      0.11098922789096832,
      -0.2458212971687317,
      0.1348319947719574
    ],
    [
      0.13520115613937378,
      -0.23041900992393494,
      0.09521787613630295
    ],
    [
      -0.6400452256202698,
      0.5177386999130249,
      0.12230665236711502
    ],
    [
      -0.18888236582279205,
      0.3468283414840698,
      -0.15794599056243896
    ],
    [
      0.6558122038841248,
      -0.6105746030807495,
      -0.04523744806647301
    ],
    [
      -0.09598526358604431,
      0.09648466110229492,
      -0.0004993733018636703
    ]
  ],
  "bias": [
    0.9397454261779785,
    0.009632289409637451,
    -0.9493773579597473
  ],
  "mean": [
    0.38777783513069153,
    0.0058952621184289455,
    0.0058952621184289455,
    0.1725793182849884,
    0.2666666805744171,
    0.20000000298023224,
    0.2888889014720917,
    0.24444444477558136,
    0.3777777850627899
  ],
  "std": [
    0.2512536346912384,
    0.4769532084465027,
    0.4769532084465027,
    0.30069074034690857,
    0.442216694355011,
    0.3999999761581421,
    0.4532462954521179,
    0.429757297039032,
    0.48483163118362427
  ],
  "labels": [
    "mixed",
    "separated",
    "cleaned"
  ]
}